{"perceptron":{"weights":[0.04420091,-0.0021208627,0.056180533,0.08013717,0.03952438,0.020234445],"bias":-1.0},"activator":{"type":"binary","threshold":0.0,"low":-1.0,"high":1.0}}